{"cameraMode":{"drawMode":0,"name":"Shaded","section":"Shading Mode"},"sceneLighting":true,"audioPlay":false,"sceneViewState":{"m_AlwaysRefresh":false,"showFog":true,"showSkybox":true,"showFlares":true,"showImageEffects":true,"showParticleSystems":true,"showVisualEffectGraphs":true,"m_FxEnabled":true},"in2DMode":false,"pivot":{"x":-28.857080459594728,"y":2.387913942337036,"z":40.44752502441406},"rotation":{"x":0.0011872262693941594,"y":0.997003972530365,"z":-0.07556256651878357,"w":0.03434043750166893},"size":1.61391282081604,"orthographic":false}