{"cameraMode":{"drawMode":0,"name":"Shaded","section":"Shading Mode"},"sceneLighting":false,"audioPlay":false,"sceneViewState":{"m_AlwaysRefresh":false,"showFog":true,"showSkybox":false,"showFlares":true,"showImageEffects":true,"showParticleSystems":true,"showVisualEffectGraphs":true,"m_FxEnabled":true},"in2DMode":false,"pivot":{"x":-3.1572160720825197,"y":2.943720579147339,"z":-4.06722354888916},"rotation":{"x":-0.0031369656790047886,"y":0.9864581227302551,"z":-0.16305223107337953,"w":-0.018939295783638955},"size":4.745082855224609,"orthographic":false}