{"cameraMode":{"drawMode":0,"name":"Shaded","section":"Shading Mode"},"sceneLighting":false,"audioPlay":false,"sceneViewState":{"m_AlwaysRefresh":false,"showFog":true,"showSkybox":false,"showFlares":true,"showImageEffects":true,"showParticleSystems":true,"showVisualEffectGraphs":true,"m_FxEnabled":true},"in2DMode":false,"pivot":{"x":0.027718663215637208,"y":1.3345433473587037,"z":0.05359524488449097},"rotation":{"x":-0.16351580619812013,"y":0.6336150765419006,"z":-0.14426088333129884,"w":-0.7433873414993286},"size":1.8883826732635499,"orthographic":false}