{"cameraMode":{"drawMode":0,"name":"Shaded","section":"Shading Mode"},"sceneLighting":false,"audioPlay":false,"sceneViewState":{"m_AlwaysRefresh":false,"showFog":true,"showSkybox":false,"showFlares":true,"showImageEffects":true,"showParticleSystems":true,"showVisualEffectGraphs":true,"m_FxEnabled":true},"in2DMode":false,"pivot":{"x":0.09351842850446701,"y":0.39212822914123537,"z":0.10617867112159729},"rotation":{"x":-0.16351580619812013,"y":0.6336150765419006,"z":-0.14426088333129884,"w":-0.7433873414993286},"size":0.6598790884017944,"orthographic":false}